Entity,Code,Year,Terrestrial protected areas (% of total land area)
Afghanistan,AFG,2016,0.1
Afghanistan,AFG,2017,0.10470703
Afghanistan,AFG,2018,0.10470703
Afghanistan,AFG,2019,0.104707
Afghanistan,AFG,2020,3.637257
Afghanistan,AFG,2021,3.6372566
Afghanistan,AFG,2022,3.6372566
Albania,ALB,2016,17.21
Albania,ALB,2017,17.736095
Albania,ALB,2018,17.736095
Albania,ALB,2019,18.58981
Albania,ALB,2020,18.58981
Albania,ALB,2021,18.59157
Albania,ALB,2022,18.591568
Algeria,DZA,2016,7.5
Algeria,DZA,2017,7.49506
Algeria,DZA,2018,7.49506
Algeria,DZA,2019,7.495019
Algeria,DZA,2020,4.640436
Algeria,DZA,2021,4.640436
Algeria,DZA,2022,4.640436
American Samoa,ASM,2016,4.27
American Samoa,ASM,2017,15.847745
American Samoa,ASM,2018,15.847745
American Samoa,ASM,2019,15.84774
American Samoa,ASM,2020,0.844952
American Samoa,ASM,2021,15.847867
American Samoa,ASM,2022,15.847867
Andorra,AND,2016,21.19
Andorra,AND,2017,26.727724
Andorra,AND,2018,26.727724
Andorra,AND,2019,26.72772
Andorra,AND,2020,26.72772
Andorra,AND,2021,26.857265
Andorra,AND,2022,26.857265
Angola,AGO,2016,6.97
Angola,AGO,2017,6.9714265
Angola,AGO,2018,6.9714265
Angola,AGO,2019,6.971426
Angola,AGO,2020,6.971426
Angola,AGO,2021,6.9714265
Angola,AGO,2022,6.9714265
Antigua and Barbuda,ATG,2016,19.33
Antigua and Barbuda,ATG,2017,18.569674
Antigua and Barbuda,ATG,2018,18.569674
Antigua and Barbuda,ATG,2019,18.56967
Antigua and Barbuda,ATG,2020,21.00285
Antigua and Barbuda,ATG,2021,19.937443
Antigua and Barbuda,ATG,2022,19.937443
Argentina,ARG,2016,8.89
Argentina,ARG,2017,8.808251
Argentina,ARG,2018,8.808251
Argentina,ARG,2019,8.469773
Argentina,ARG,2020,8.476902
Argentina,ARG,2021,8.476902
Argentina,ARG,2022,8.6915
Armenia,ARM,2016,23.11
Armenia,ARM,2017,23.110502
Armenia,ARM,2018,23.110502
Armenia,ARM,2019,24.3054
Armenia,ARM,2020,24.3054
Armenia,ARM,2021,24.305405
Armenia,ARM,2022,24.681017
Aruba,ABW,2016,0.53
Aruba,ABW,2017,18.917576
Aruba,ABW,2018,18.917576
Aruba,ABW,2019,18.91758
Aruba,ABW,2020,18.91758
Aruba,ABW,2021,18.917576
Aruba,ABW,2022,18.917576
Australia,AUS,2016,16.98
Australia,AUS,2017,19.265623
Australia,AUS,2018,19.265623
Australia,AUS,2019,19.26562
Australia,AUS,2020,20.33876
Australia,AUS,2021,20.36292
Australia,AUS,2022,20.36292
Austria,AUT,2016,28.44
Austria,AUT,2017,28.397982
Austria,AUT,2018,28.397982
Austria,AUT,2019,28.41688
Austria,AUT,2020,29.09432
Austria,AUT,2021,29.283329
Austria,AUT,2022,29.500467
Azerbaijan,AZE,2016,10.15
Azerbaijan,AZE,2017,10.155126
Azerbaijan,AZE,2018,10.155126
Azerbaijan,AZE,2019,10.15513
Azerbaijan,AZE,2020,10.15513
Azerbaijan,AZE,2021,10.155126
Azerbaijan,AZE,2022,10.155126
Bahamas,BHS,2016,31.2
Bahamas,BHS,2017,36.633648
Bahamas,BHS,2018,36.633648
Bahamas,BHS,2019,36.63365
Bahamas,BHS,2020,36.63365
Bahamas,BHS,2021,36.633648
Bahamas,BHS,2022,36.633648
Bahrain,BHR,2016,6.7
Bahrain,BHR,2017,6.621748
Bahrain,BHR,2018,6.621748
Bahrain,BHR,2019,6.621748
Bahrain,BHR,2020,6.621748
Bahrain,BHR,2021,6.621748
Bahrain,BHR,2022,12.956454
Bangladesh,BGD,2016,4.61
Bangladesh,BGD,2017,4.6059628
Bangladesh,BGD,2018,4.6059628
Bangladesh,BGD,2019,4.605963
Bangladesh,BGD,2020,4.605963
Bangladesh,BGD,2021,4.6059628
Bangladesh,BGD,2022,4.6059628
Barbados,BRB,2016,1.35
Barbados,BRB,2017,1.2701082
Barbados,BRB,2018,1.2701082
Barbados,BRB,2019,1.270108
Barbados,BRB,2020,1.270108
Barbados,BRB,2021,1.2701082
Barbados,BRB,2022,1.2701082
Belarus,BLR,2016,9.51
Belarus,BLR,2017,9.353494
Belarus,BLR,2018,9.353494
Belarus,BLR,2019,9.353494
Belarus,BLR,2020,9.353494
Belarus,BLR,2021,13.842987
Belarus,BLR,2022,13.842987
Belgium,BEL,2016,23.21
Belgium,BEL,2017,23.293343
Belgium,BEL,2018,23.293343
Belgium,BEL,2019,24.91416
Belgium,BEL,2020,15.42513
Belgium,BEL,2021,15.490143
Belgium,BEL,2022,15.554585
Belize,BLZ,2016,37.68
Belize,BLZ,2017,37.679367
Belize,BLZ,2018,37.679367
Belize,BLZ,2019,37.67917
Belize,BLZ,2020,37.54658
Belize,BLZ,2021,37.54658
Belize,BLZ,2022,37.54658
Benin,BEN,2016,28.87
Benin,BEN,2017,29.623371
Benin,BEN,2018,29.623371
Benin,BEN,2019,29.60411
Benin,BEN,2020,29.60462
Benin,BEN,2021,29.643326
Benin,BEN,2022,29.643326
Bermuda,BMU,2016,5.52
Bermuda,BMU,2017,2.079919
Bermuda,BMU,2018,2.079919
Bermuda,BMU,2019,2.079919
Bermuda,BMU,2020,2.079919
Bermuda,BMU,2021,2.079919
Bermuda,BMU,2022,2.079919
Bhutan,BTN,2016,48.01
Bhutan,BTN,2017,48.00785
Bhutan,BTN,2018,48.00785
Bhutan,BTN,2019,48.00785
Bhutan,BTN,2020,49.66933
Bhutan,BTN,2021,49.669334
Bhutan,BTN,2022,49.669334
Bolivia,BOL,2016,30.87
Bolivia,BOL,2017,30.865492
Bolivia,BOL,2018,30.865492
Bolivia,BOL,2019,30.86557
Bolivia,BOL,2020,30.86557
Bolivia,BOL,2021,30.865568
Bolivia,BOL,2022,30.865568
Bosnia and Herzegovina,BIH,2016,1.45
Bosnia and Herzegovina,BIH,2017,1.3955016
Bosnia and Herzegovina,BIH,2018,1.3955016
Bosnia and Herzegovina,BIH,2019,1.395502
Bosnia and Herzegovina,BIH,2020,3.626755
Bosnia and Herzegovina,BIH,2021,3.9716449
Bosnia and Herzegovina,BIH,2022,4.0636635
Botswana,BWA,2016,29.14
Botswana,BWA,2017,29.143238
Botswana,BWA,2018,29.143238
Botswana,BWA,2019,29.14326
Botswana,BWA,2020,29.14326
Botswana,BWA,2021,29.143257
Botswana,BWA,2022,29.143257
Brazil,BRA,2016,28.94
Brazil,BRA,2017,29.419668
Brazil,BRA,2018,29.419668
Brazil,BRA,2019,29.41967
Brazil,BRA,2020,30.27737
Brazil,BRA,2021,30.304688
Brazil,BRA,2022,30.304688
British Virgin Islands,VGB,2016,8.54
British Virgin Islands,VGB,2017,9.108814
British Virgin Islands,VGB,2018,9.108814
British Virgin Islands,VGB,2019,9.108814
British Virgin Islands,VGB,2020,9.108814
British Virgin Islands,VGB,2021,9.108814
British Virgin Islands,VGB,2022,9.108814
Brunei,BRN,2016,46.87
Brunei,BRN,2017,46.87212
Brunei,BRN,2018,46.87212
Brunei,BRN,2019,46.87212
Brunei,BRN,2020,46.87212
Brunei,BRN,2021,46.87212
Brunei,BRN,2022,46.87212
Bulgaria,BGR,2016,34.69
Bulgaria,BGR,2017,34.70358
Bulgaria,BGR,2018,34.70358
Bulgaria,BGR,2019,40.58717
Bulgaria,BGR,2020,41.04409
Bulgaria,BGR,2021,41.044563
Bulgaria,BGR,2022,41.044857
Burkina Faso,BFA,2016,15.08
Burkina Faso,BFA,2017,14.92288
Burkina Faso,BFA,2018,14.92288
Burkina Faso,BFA,2019,14.89044
Burkina Faso,BFA,2020,16.40168
Burkina Faso,BFA,2021,16.426374
Burkina Faso,BFA,2022,16.426374
Burundi,BDI,2016,7.59
Burundi,BDI,2017,7.5914717
Burundi,BDI,2018,7.5914717
Burundi,BDI,2019,7.591472
Burundi,BDI,2020,7.591472
Burundi,BDI,2021,7.5914717
Burundi,BDI,2022,7.5914717
Cambodia,KHM,2016,26.03
Cambodia,KHM,2017,26.027716
Cambodia,KHM,2018,26.027716
Cambodia,KHM,2019,26.02772
Cambodia,KHM,2020,39.73864
Cambodia,KHM,2021,39.738636
Cambodia,KHM,2022,39.738636
Cameroon,CMR,2016,10.6
Cameroon,CMR,2017,10.600547
Cameroon,CMR,2018,10.600547
Cameroon,CMR,2019,10.91132
Cameroon,CMR,2020,10.94886
Cameroon,CMR,2021,10.978884
Cameroon,CMR,2022,10.978884
Canada,CAN,2016,9.69
Canada,CAN,2017,9.685574
Canada,CAN,2018,9.685574
Canada,CAN,2019,10.65714
Canada,CAN,2020,9.903981
Canada,CAN,2021,11.911436
Canada,CAN,2022,12.707939
Cape Verde,CPV,2016,2.6
Cape Verde,CPV,2017,2.8952403
Cape Verde,CPV,2018,2.8952403
Cape Verde,CPV,2019,2.89524
Cape Verde,CPV,2020,2.89524
Cape Verde,CPV,2021,2.8952403
Cape Verde,CPV,2022,2.8952403
Cayman Islands,CYM,2016,10.72
Cayman Islands,CYM,2017,10.76277
Cayman Islands,CYM,2018,10.76277
Cayman Islands,CYM,2019,10.76277
Cayman Islands,CYM,2020,10.76277
Cayman Islands,CYM,2021,10.76277
Cayman Islands,CYM,2022,10.76277
Central African Republic,CAF,2016,18.06
Central African Republic,CAF,2017,18.064825
Central African Republic,CAF,2018,18.064825
Central African Republic,CAF,2019,18.06483
Central African Republic,CAF,2020,18.06482
Central African Republic,CAF,2021,18.064823
Central African Republic,CAF,2022,18.064823
Chad,TCD,2016,20.35
Chad,TCD,2017,20.354435
Chad,TCD,2018,20.354435
Chad,TCD,2019,20.35443
Chad,TCD,2020,20.97125
Chad,TCD,2021,20.971254
Chad,TCD,2022,20.971254
Chile,CHL,2016,18.4
Chile,CHL,2017,18.494453
Chile,CHL,2018,18.494453
Chile,CHL,2019,20.41992
Chile,CHL,2020,20.89808
Chile,CHL,2021,20.89808
Chile,CHL,2022,21.049976
China,CHN,2016,17.08
China,CHN,2017,15.449042
China,CHN,2018,15.449042
China,CHN,2019,15.61175
China,CHN,2020,15.61605
China,CHN,2021,15.616046
China,CHN,2022,15.616046
Colombia,COL,2016,14.16
Colombia,COL,2017,14.806956
Colombia,COL,2018,14.806956
Colombia,COL,2019,14.80696
Colombia,COL,2020,16.90938
Colombia,COL,2021,16.909386
Colombia,COL,2022,16.402754
Comoros,COM,2016,10.17
Comoros,COM,2017,10.151434
Comoros,COM,2018,10.151434
Comoros,COM,2019,10.15143
Comoros,COM,2020,33.75271
Comoros,COM,2021,33.752712
Comoros,COM,2022,33.752712
Congo,COG,2016,40.59
Congo,COG,2017,40.738037
Congo,COG,2018,40.738037
Congo,COG,2019,40.73804
Congo,COG,2020,36.79332
Congo,COG,2021,36.793324
Congo,COG,2022,36.793324
Costa Rica,CRI,2016,27.6
Costa Rica,CRI,2017,27.602695
Costa Rica,CRI,2018,27.602695
Costa Rica,CRI,2019,28.29196
Costa Rica,CRI,2020,28.41677
Costa Rica,CRI,2021,28.416765
Costa Rica,CRI,2022,26.590137
Cote d'Ivoire,CIV,2016,22.88
Cote d'Ivoire,CIV,2017,22.884663
Cote d'Ivoire,CIV,2018,22.884663
Cote d'Ivoire,CIV,2019,22.88466
Cote d'Ivoire,CIV,2020,22.96113
Cote d'Ivoire,CIV,2021,22.961412
Cote d'Ivoire,CIV,2022,22.961412
Croatia,HRV,2016,38.11
Croatia,HRV,2017,38.25363
Croatia,HRV,2018,38.25363
Croatia,HRV,2019,38.25858
Croatia,HRV,2020,38.36187
Croatia,HRV,2021,38.361176
Croatia,HRV,2022,38.509525
Cuba,CUB,2016,16.55
Cuba,CUB,2017,16.553232
Cuba,CUB,2018,16.553232
Cuba,CUB,2019,16.22878
Cuba,CUB,2020,16.22914
Cuba,CUB,2021,16.229137
Cuba,CUB,2022,16.229137
Curacao,CUW,2016,15.52
Curacao,CUW,2017,15.46238
Curacao,CUW,2018,15.46238
Curacao,CUW,2019,15.74578
Curacao,CUW,2020,15.74578
Curacao,CUW,2021,15.745777
Curacao,CUW,2022,15.745777
Cyprus,CYP,2016,18.65
Cyprus,CYP,2017,18.65044
Cyprus,CYP,2018,18.65044
Cyprus,CYP,2019,38.53421
Cyprus,CYP,2020,38.59827
Cyprus,CYP,2021,38.598274
Cyprus,CYP,2022,38.72084
Czechia,CZE,2016,21.69
Czechia,CZE,2017,22.155676
Czechia,CZE,2018,22.155676
Czechia,CZE,2019,22.15984
Czechia,CZE,2020,22.16226
Czechia,CZE,2021,22.164373
Czechia,CZE,2022,22.16802
Democratic Republic of Congo,COD,2016,12.7
Democratic Republic of Congo,COD,2017,13.833261
Democratic Republic of Congo,COD,2018,13.833261
Democratic Republic of Congo,COD,2019,13.83326
Democratic Republic of Congo,COD,2020,13.83326
Democratic Republic of Congo,COD,2021,13.833261
Democratic Republic of Congo,COD,2022,13.853673
Denmark,DNK,2016,17.56
Denmark,DNK,2017,18.10202
Denmark,DNK,2018,18.10202
Denmark,DNK,2019,17.23342
Denmark,DNK,2020,16.97145
Denmark,DNK,2021,16.971457
Denmark,DNK,2022,16.970282
Djibouti,DJI,2016,1.57
Djibouti,DJI,2017,1.5746459
Djibouti,DJI,2018,1.5746459
Djibouti,DJI,2019,1.574646
Djibouti,DJI,2020,1.574646
Djibouti,DJI,2021,1.5746459
Djibouti,DJI,2022,1.5746459
Dominica,DMA,2016,22.06
Dominica,DMA,2017,21.986824
Dominica,DMA,2018,21.986824
Dominica,DMA,2019,21.98682
Dominica,DMA,2020,21.96185
Dominica,DMA,2021,21.961853
Dominica,DMA,2022,21.961853
Dominican Republic,DOM,2016,23.02
Dominican Republic,DOM,2017,26.236752
Dominican Republic,DOM,2018,26.236752
Dominican Republic,DOM,2019,26.23675
Dominican Republic,DOM,2020,26.23675
Dominican Republic,DOM,2021,26.236752
Dominican Republic,DOM,2022,26.38938
East Asia and Pacific (WB),,2016,16.220888
East Asia and Pacific (WB),,2017,16.479513
East Asia and Pacific (WB),,2018,16.479488
East Asia and Pacific (WB),,2019,16.57836
East Asia and Pacific (WB),,2020,17.09891
East Asia and Pacific (WB),,2021,17.118994
East Timor,TLS,2016,13.05
East Timor,TLS,2017,13.0574665
East Timor,TLS,2018,13.0574665
East Timor,TLS,2019,15.99753
East Timor,TLS,2020,15.99753
East Timor,TLS,2021,15.997529
East Timor,TLS,2022,15.997529
Ecuador,ECU,2016,20.03
Ecuador,ECU,2017,21.68612
Ecuador,ECU,2018,21.68612
Ecuador,ECU,2019,21.68607
Ecuador,ECU,2020,22.35469
Ecuador,ECU,2021,23.216824
Ecuador,ECU,2022,23.4213
Egypt,EGY,2016,13.14
Egypt,EGY,2017,13.136055
Egypt,EGY,2018,13.136055
Egypt,EGY,2019,13.13605
Egypt,EGY,2020,13.13605
Egypt,EGY,2021,13.136055
Egypt,EGY,2022,13.136055
El Salvador,SLV,2016,8.78
El Salvador,SLV,2017,8.776287
El Salvador,SLV,2018,8.776287
El Salvador,SLV,2019,8.776287
El Salvador,SLV,2020,8.644199
El Salvador,SLV,2021,8.644199
El Salvador,SLV,2022,8.644199
Equatorial Guinea,GNQ,2016,19.27
Equatorial Guinea,GNQ,2017,19.26676
Equatorial Guinea,GNQ,2018,19.26676
Equatorial Guinea,GNQ,2019,19.26676
Equatorial Guinea,GNQ,2020,19.26676
Equatorial Guinea,GNQ,2021,19.26676
Equatorial Guinea,GNQ,2022,19.26676
Eritrea,ERI,2016,4.87
Eritrea,ERI,2017,4.8723907
Eritrea,ERI,2018,4.8723907
Eritrea,ERI,2019,4.872391
Eritrea,ERI,2020,4.872391
Eritrea,ERI,2021,0
Eritrea,ERI,2022,0
Estonia,EST,2016,20.18
Estonia,EST,2017,20.218475
Estonia,EST,2018,20.218475
Estonia,EST,2019,20.57705
Estonia,EST,2020,21.21033
Estonia,EST,2021,21.329258
Estonia,EST,2022,21.409588
Eswatini,SWZ,2016,4.1
Eswatini,SWZ,2017,4.2330084
Eswatini,SWZ,2018,4.2330084
Eswatini,SWZ,2019,4.258265
Eswatini,SWZ,2020,4.258265
Eswatini,SWZ,2021,4.2582645
Eswatini,SWZ,2022,4.2582645
Ethiopia,ETH,2016,18.47
Ethiopia,ETH,2017,18.47496
Ethiopia,ETH,2018,18.47496
Ethiopia,ETH,2019,17.621
Ethiopia,ETH,2020,16.06408
Ethiopia,ETH,2021,17.009638
Ethiopia,ETH,2022,17.009638
Europe and Central Asia (WB),,2016,11.675692
Europe and Central Asia (WB),,2017,11.708031
Europe and Central Asia (WB),,2018,11.708055
Europe and Central Asia (WB),,2019,11.741972
Europe and Central Asia (WB),,2020,12.452819
Europe and Central Asia (WB),,2021,14.17255
European Union (27),,2016,25.579454
European Union (27),,2017,25.661676
European Union (27),,2018,25.661716
European Union (27),,2019,25.827562
European Union (27),,2020,25.886166
European Union (27),,2021,25.9624
Faeroe Islands,,2016,2.34
Faeroe Islands,,2017,2.3290932
Faeroe Islands,,2018,2.3290932
Faeroe Islands,,2019,2.329093
Faeroe Islands,,2020,2.329093
Faeroe Islands,,2021,2.3290932
Faeroe Islands,,2022,2.3290932
Fiji,FJI,2016,5.4
Fiji,FJI,2017,5.4111967
Fiji,FJI,2018,5.4111967
Fiji,FJI,2019,5.411197
Fiji,FJI,2020,5.411197
Fiji,FJI,2021,5.4111967
Fiji,FJI,2022,5.4111967
Finland,FIN,2016,14.94
Finland,FIN,2017,15.023292
Finland,FIN,2018,15.023292
Finland,FIN,2019,13.27785
Finland,FIN,2020,13.29881
Finland,FIN,2021,13.331069
Finland,FIN,2022,13.399191
France,FRA,2016,26.03
France,FRA,2017,25.791965
France,FRA,2018,25.791965
France,FRA,2019,26.33798
France,FRA,2020,27.28074
France,FRA,2021,27.978535
France,FRA,2022,28.399767
French Polynesia,PYF,2016,1.96
French Polynesia,PYF,2017,1.9531946
French Polynesia,PYF,2018,1.9531946
French Polynesia,PYF,2019,1.953195
French Polynesia,PYF,2020,1.953195
French Polynesia,PYF,2021,2.0263176
French Polynesia,PYF,2022,2.0263176
Gabon,GAB,2016,20.14
Gabon,GAB,2017,22.442757
Gabon,GAB,2018,22.442757
Gabon,GAB,2019,22.44276
Gabon,GAB,2020,22.44276
Gabon,GAB,2021,22.442757
Gabon,GAB,2022,22.442757
Gambia,GMB,2016,4.11
Gambia,GMB,2017,4.1073623
Gambia,GMB,2018,4.1073623
Gambia,GMB,2019,4.107362
Gambia,GMB,2020,7.718581
Gambia,GMB,2021,7.718581
Gambia,GMB,2022,7.718581
Georgia,GEO,2016,8.33
Georgia,GEO,2017,8.333597
Georgia,GEO,2018,8.333597
Georgia,GEO,2019,9.290612
Georgia,GEO,2020,9.290612
Georgia,GEO,2021,9.290612
Georgia,GEO,2022,11.111551
Germany,DEU,2016,37.68
Germany,DEU,2017,37.751923
Germany,DEU,2018,37.751923
Germany,DEU,2019,37.37983
Germany,DEU,2020,37.79964
Germany,DEU,2021,37.451275
Germany,DEU,2022,37.587128
Ghana,GHA,2016,15.06
Ghana,GHA,2017,15.05738
Ghana,GHA,2018,15.05738
Ghana,GHA,2019,15.04325
Ghana,GHA,2020,14.84406
Ghana,GHA,2021,14.844057
Ghana,GHA,2022,14.844057
Gibraltar,GIB,2016,26.67
Gibraltar,GIB,2017,32.42342
Gibraltar,GIB,2018,32.42342
Gibraltar,GIB,2019,32.42342
Gibraltar,GIB,2020,4.684869
Gibraltar,GIB,2021,4.684869
Gibraltar,GIB,2022,0
Greece,GRC,2016,34.96
Greece,GRC,2017,35.21634
Greece,GRC,2018,35.21634
Greece,GRC,2019,35.21634
Greece,GRC,2020,35.21633
Greece,GRC,2021,35.216328
Greece,GRC,2022,35.21633
Greenland,GRL,2016,41.12
Greenland,GRL,2017,41.153603
Greenland,GRL,2018,41.153603
Greenland,GRL,2019,41.1161
Greenland,GRL,2020,41.11041
Greenland,GRL,2021,41.58869
Greenland,GRL,2022,41.11041
Grenada,GRD,2016,9.37
Grenada,GRD,2017,9.777508
Grenada,GRD,2018,9.777508
Grenada,GRD,2019,9.777508
Grenada,GRD,2020,9.537955
Grenada,GRD,2021,9.537955
Grenada,GRD,2022,9.537955
Guam,GUM,2016,21.92
Guam,GUM,2017,22.469137
Guam,GUM,2018,22.469137
Guam,GUM,2019,22.46914
Guam,GUM,2020,2.663595
Guam,GUM,2021,4.4674053
Guam,GUM,2022,4.4674053
Guatemala,GTM,2016,31.75
Guatemala,GTM,2017,20.047878
Guatemala,GTM,2018,20.047878
Guatemala,GTM,2019,20.0493
Guatemala,GTM,2020,20.11928
Guatemala,GTM,2021,20.119276
Guatemala,GTM,2022,20.119276
Guinea,GIN,2016,30.68
Guinea,GIN,2017,35.646194
Guinea,GIN,2018,35.646194
Guinea,GIN,2019,35.64619
Guinea,GIN,2020,35.82653
Guinea,GIN,2021,37.56547
Guinea,GIN,2022,37.56547
Guinea-Bissau,GNB,2016,16.66
Guinea-Bissau,GNB,2017,16.662653
Guinea-Bissau,GNB,2018,16.662653
Guinea-Bissau,GNB,2019,16.66265
Guinea-Bissau,GNB,2020,26.32349
Guinea-Bissau,GNB,2021,26.323488
Guinea-Bissau,GNB,2022,27.10573
Guyana,GUY,2016,8.74
Guyana,GUY,2017,8.737487
Guyana,GUY,2018,8.737487
Guyana,GUY,2019,8.500243
Guyana,GUY,2020,8.500243
Guyana,GUY,2021,8.500243
Guyana,GUY,2022,8.500243
Haiti,HTI,2016,0.27
Haiti,HTI,2017,1.949883
Haiti,HTI,2018,1.949883
Haiti,HTI,2019,7.135203
Haiti,HTI,2020,7.135203
Haiti,HTI,2021,8.607055
Haiti,HTI,2022,8.607055
High-income countries,,2016,14.49214
High-income countries,,2017,15.128589
High-income countries,,2018,15.128603
High-income countries,,2019,15.436602
High-income countries,,2020,15.209675
High-income countries,,2021,15.71128
Honduras,HND,2016,28.44
Honduras,HND,2017,23.885551
Honduras,HND,2018,23.885551
Honduras,HND,2019,23.88555
Honduras,HND,2020,23.45059
Honduras,HND,2021,23.450594
Honduras,HND,2022,23.450594
Hong Kong,HKG,2016,41.9
Hong Kong,HKG,2017,41.883682
Hong Kong,HKG,2018,41.883682
Hong Kong,HKG,2019,41.88368
Hong Kong,HKG,2020,41.88368
Hong Kong,HKG,2021,41.88368
Hong Kong,HKG,2022,41.88368
Hungary,HUN,2016,22.6
Hungary,HUN,2017,22.597559
Hungary,HUN,2018,22.597559
Hungary,HUN,2019,22.59878
Hungary,HUN,2020,22.59737
Hungary,HUN,2021,22.600958
Hungary,HUN,2022,22.600904
Iceland,ISL,2016,17.44
Iceland,ISL,2017,18.151533
Iceland,ISL,2018,18.151533
Iceland,ISL,2019,19.50351
Iceland,ISL,2020,19.89557
Iceland,ISL,2021,20.301386
Iceland,ISL,2022,20.784607
India,IND,2016,5.97
India,IND,2017,5.9665194
India,IND,2018,5.9665194
India,IND,2019,5.966519
India,IND,2020,5.966519
India,IND,2021,7.5188894
India,IND,2022,7.5188894
Indonesia,IDN,2016,11.87
Indonesia,IDN,2017,12.165696
Indonesia,IDN,2018,12.165696
Indonesia,IDN,2019,12.1657
Indonesia,IDN,2020,12.1657
Indonesia,IDN,2021,12.165697
Indonesia,IDN,2022,12.165697
Iran,IRN,2016,8.61
Iran,IRN,2017,8.614133
Iran,IRN,2018,8.614133
Iran,IRN,2019,8.614133
Iran,IRN,2020,8.614133
Iran,IRN,2021,8.614133
Iran,IRN,2022,8.614133
Iraq,IRQ,2016,1.54
Iraq,IRQ,2017,1.5334121
Iraq,IRQ,2018,1.5334121
Iraq,IRQ,2019,1.533412
Iraq,IRQ,2020,1.533412
Iraq,IRQ,2021,1.5334121
Iraq,IRQ,2022,1.5334121
Ireland,IRL,2016,14.44
Ireland,IRL,2017,14.441262
Ireland,IRL,2018,14.441262
Ireland,IRL,2019,14.43854
Ireland,IRL,2020,14.43525
Ireland,IRL,2021,14.43525
Ireland,IRL,2022,14.43447
Isle of Man,IMN,2016,3.78
Isle of Man,IMN,2017,3.72177
Isle of Man,IMN,2018,3.72177
Isle of Man,IMN,2019,5.453444
Isle of Man,IMN,2020,5.453444
Isle of Man,IMN,2021,5.4534445
Isle of Man,IMN,2022,5.4534445
Israel,ISR,2016,19.94
Israel,ISR,2017,19.9466
Israel,ISR,2018,19.9466
Israel,ISR,2019,19.9466
Israel,ISR,2020,24.48995
Israel,ISR,2021,24.48995
Israel,ISR,2022,24.48995
Italy,ITA,2016,21.51
Italy,ITA,2017,21.539059
Italy,ITA,2018,21.539059
Italy,ITA,2019,21.4841
Italy,ITA,2020,21.49333
Italy,ITA,2021,21.49239
Italy,ITA,2022,21.576365
Jamaica,JAM,2016,15.91
Jamaica,JAM,2017,15.916513
Jamaica,JAM,2018,15.916513
Jamaica,JAM,2019,15.91651
Jamaica,JAM,2020,15.91651
Jamaica,JAM,2021,16.17562
Jamaica,JAM,2022,20.001411
Japan,JPN,2016,19.36
Japan,JPN,2017,29.387539
Japan,JPN,2018,29.387539
Japan,JPN,2019,29.38754
Japan,JPN,2020,29.38754
Japan,JPN,2021,29.749218
Japan,JPN,2022,29.749218
Jordan,JOR,2016,1.73
Jordan,JOR,2017,1.7705786
Jordan,JOR,2018,1.7705786
Jordan,JOR,2019,3.092411
Jordan,JOR,2020,4.474362
Jordan,JOR,2021,4.474362
Jordan,JOR,2022,4.476256
Kazakhstan,KAZ,2016,3.28
Kazakhstan,KAZ,2017,3.3120856
Kazakhstan,KAZ,2018,3.3120856
Kazakhstan,KAZ,2019,3.312086
Kazakhstan,KAZ,2020,10.02986
Kazakhstan,KAZ,2021,10.029858
Kazakhstan,KAZ,2022,10.029858
Kenya,KEN,2016,12.36
Kenya,KEN,2017,12.363359
Kenya,KEN,2018,12.363359
Kenya,KEN,2019,12.36338
Kenya,KEN,2020,12.42223
Kenya,KEN,2021,12.422234
Kenya,KEN,2022,12.191143
Kiribati,KIR,2016,22.37
Kiribati,KIR,2017,22.360413
Kiribati,KIR,2018,22.360413
Kiribati,KIR,2019,22.36041
Kiribati,KIR,2020,22.36041
Kiribati,KIR,2021,22.360415
Kiribati,KIR,2022,22.360415
Kuwait,KWT,2016,17.5
Kuwait,KWT,2017,17.500677
Kuwait,KWT,2018,17.500677
Kuwait,KWT,2019,17.10378
Kuwait,KWT,2020,17.10378
Kuwait,KWT,2021,17.103779
Kuwait,KWT,2022,17.103779
Kyrgyzstan,KGZ,2016,6.51
Kyrgyzstan,KGZ,2017,6.702693
Kyrgyzstan,KGZ,2018,6.702693
Kyrgyzstan,KGZ,2019,6.702693
Kyrgyzstan,KGZ,2020,6.705673
Kyrgyzstan,KGZ,2021,6.7056727
Kyrgyzstan,KGZ,2022,6.7056727
Laos,LAO,2016,16.68
Laos,LAO,2017,16.682205
Laos,LAO,2018,16.682205
Laos,LAO,2019,16.68221
Laos,LAO,2020,18.68756
Laos,LAO,2021,18.687561
Laos,LAO,2022,18.687561
Latin America and Caribbean (WB),,2016,23.107988
Latin America and Caribbean (WB),,2017,23.463297
Latin America and Caribbean (WB),,2018,23.463297
Latin America and Caribbean (WB),,2019,23.519344
Latin America and Caribbean (WB),,2020,24.087057
Latin America and Caribbean (WB),,2021,24.148909
Latvia,LVA,2016,18.17
Latvia,LVA,2017,18.171322
Latvia,LVA,2018,18.171322
Latvia,LVA,2019,18.17865
Latvia,LVA,2020,18.19271
Latvia,LVA,2021,18.193968
Latvia,LVA,2022,18.183453
Lebanon,LBN,2016,2.59
Lebanon,LBN,2017,2.5973086
Lebanon,LBN,2018,2.5973086
Lebanon,LBN,2019,2.597309
Lebanon,LBN,2020,2.597309
Lebanon,LBN,2021,1.8901918
Lebanon,LBN,2022,1.8901918
Lesotho,LSO,2016,0.26
Lesotho,LSO,2017,0.2613887
Lesotho,LSO,2018,0.2613887
Lesotho,LSO,2019,0.261389
Lesotho,LSO,2020,0.503159
Lesotho,LSO,2021,0.50315934
Lesotho,LSO,2022,0.5031593
Liberia,LBR,2016,2.49
Liberia,LBR,2017,4.051311
Liberia,LBR,2018,4.051311
Liberia,LBR,2019,4.051311
Liberia,LBR,2020,4.052766
Liberia,LBR,2021,4.053
Liberia,LBR,2022,4.053
Libya,LBY,2016,0.21
Libya,LBY,2017,0.21184787
Libya,LBY,2018,0.21184787
Libya,LBY,2019,0.211848
Libya,LBY,2020,0.128445
Libya,LBY,2021,0.12844488
Libya,LBY,2022,0.1284449
Liechtenstein,LIE,2016,42.49
Liechtenstein,LIE,2017,11.935104
Liechtenstein,LIE,2018,11.935104
Liechtenstein,LIE,2019,42.18697
Liechtenstein,LIE,2020,42.63227
Liechtenstein,LIE,2021,42.632275
Liechtenstein,LIE,2022,42.632275
Lithuania,LTU,2016,16.94
Lithuania,LTU,2017,17.023102
Lithuania,LTU,2018,17.023102
Lithuania,LTU,2019,17.03355
Lithuania,LTU,2020,17.04521
Lithuania,LTU,2021,17.04551
Lithuania,LTU,2022,17.075886
Low-income countries,,2016,11.351635
Low-income countries,,2017,12.076323
Low-income countries,,2018,12.076319
Low-income countries,,2019,12.007168
Low-income countries,,2020,12.152124
Low-income countries,,2021,12.200812
Lower-middle-income countries,,2016,14.092287
Lower-middle-income countries,,2017,14.123853
Lower-middle-income countries,,2018,14.1240015
Lower-middle-income countries,,2019,14.257253
Lower-middle-income countries,,2020,13.690028
Lower-middle-income countries,,2021,14.102097
Luxembourg,LUX,2016,32.27
Luxembourg,LUX,2017,40.87274
Luxembourg,LUX,2018,40.87274
Luxembourg,LUX,2019,51.18272
Luxembourg,LUX,2020,51.21042
Luxembourg,LUX,2021,51.34111
Luxembourg,LUX,2022,55.80245
Madagascar,MDG,2016,5.25
Madagascar,MDG,2017,5.589556
Madagascar,MDG,2018,5.589556
Madagascar,MDG,2019,5.589556
Madagascar,MDG,2020,7.486076
Madagascar,MDG,2021,7.4860764
Madagascar,MDG,2022,7.4860764
Malawi,MWI,2016,16.89
Malawi,MWI,2017,22.876047
Malawi,MWI,2018,22.876047
Malawi,MWI,2019,22.87605
Malawi,MWI,2020,22.87605
Malawi,MWI,2021,22.876047
Malawi,MWI,2022,22.876047
Malaysia,MYS,2016,19.14
Malaysia,MYS,2017,19.119316
Malaysia,MYS,2018,19.119316
Malaysia,MYS,2019,19.11932
Malaysia,MYS,2020,13.32667
Malaysia,MYS,2021,13.3266735
Malaysia,MYS,2022,13.3266735
Maldives,MDV,2016,0.98
Maldives,MDV,2017,1.2090957
Maldives,MDV,2018,1.2090957
Maldives,MDV,2019,1.209096
Maldives,MDV,2020,2.297364
Maldives,MDV,2021,2.2973638
Maldives,MDV,2022,2.2973638
Mali,MLI,2016,8.23
Mali,MLI,2017,8.23161
Mali,MLI,2018,8.23161
Mali,MLI,2019,8.23161
Mali,MLI,2020,7.52705
Mali,MLI,2021,7.5270495
Mali,MLI,2022,7.5270495
Malta,MLT,2016,23.69
Malta,MLT,2017,30.286375
Malta,MLT,2018,30.286375
Malta,MLT,2019,30.17002
Malta,MLT,2020,30.63528
Malta,MLT,2021,30.63583
Malta,MLT,2022,30.63583
Marshall Islands,MHL,2016,12.06
Marshall Islands,MHL,2017,11.915709
Marshall Islands,MHL,2018,11.915709
Marshall Islands,MHL,2019,11.91571
Marshall Islands,MHL,2020,11.91571
Marshall Islands,MHL,2021,11.915709
Marshall Islands,MHL,2022,11.915709
Mauritania,MRT,2016,0.62
Mauritania,MRT,2017,0.62198824
Mauritania,MRT,2018,0.62198824
Mauritania,MRT,2019,0.621988
Mauritania,MRT,2020,0.621988
Mauritania,MRT,2021,0.62198824
Mauritania,MRT,2022,0.6219882
Mauritius,MUS,2016,4.75
Mauritius,MUS,2017,4.725389
Mauritius,MUS,2018,4.725389
Mauritius,MUS,2019,4.725389
Mauritius,MUS,2020,4.725389
Mauritius,MUS,2021,4.725389
Mauritius,MUS,2022,4.725389
Mexico,MEX,2016,14.27
Mexico,MEX,2017,14.500532
Mexico,MEX,2018,14.500532
Mexico,MEX,2019,14.49159
Mexico,MEX,2020,14.49159
Mexico,MEX,2021,14.491586
Mexico,MEX,2022,14.59794
Micronesia (country),FSM,2016,4.28
Micronesia (country),FSM,2017,0.04916284
Micronesia (country),FSM,2018,0.04916284
Micronesia (country),FSM,2019,0.049163
Micronesia (country),FSM,2020,0.049163
Micronesia (country),FSM,2021,0.04916284
Micronesia (country),FSM,2022,0.0491628
Middle East and North Africa (WB),,2016,6.5976186
Middle East and North Africa (WB),,2017,6.731664
Middle East and North Africa (WB),,2018,6.731664
Middle East and North Africa (WB),,2019,6.741401
Middle East and North Africa (WB),,2020,5.125968
Middle East and North Africa (WB),,2021,5.0716333
Middle-income countries,,2016,14.47567
Middle-income countries,,2017,14.311317
Middle-income countries,,2018,14.3113575
Middle-income countries,,2019,14.394124
Middle-income countries,,2020,14.550653
Middle-income countries,,2021,15.1383095
Moldova,MDA,2016,4.15
Moldova,MDA,2017,4.1505346
Moldova,MDA,2018,4.1505346
Moldova,MDA,2019,4.150535
Moldova,MDA,2020,4.150535
Moldova,MDA,2021,11.43058
Moldova,MDA,2022,11.43058
Monaco,MCO,2016,62.5
Monaco,MCO,2017,33.1551
Monaco,MCO,2018,33.1551
Monaco,MCO,2019,33.15511
Monaco,MCO,2020,33.15511
Monaco,MCO,2021,10.1800375
Monaco,MCO,2022,10.1800375
Mongolia,MNG,2016,17.4
Mongolia,MNG,2017,17.713882
Mongolia,MNG,2018,17.713882
Mongolia,MNG,2019,17.71388
Mongolia,MNG,2020,19.79836
Mongolia,MNG,2021,19.798367
Mongolia,MNG,2022,19.798367
Montenegro,MNE,2016,4.06
Montenegro,MNE,2017,6.400711
Montenegro,MNE,2018,6.400711
Montenegro,MNE,2019,10.54801
Montenegro,MNE,2020,13.78214
Montenegro,MNE,2021,13.782141
Montenegro,MNE,2022,13.851891
Morocco,MAR,2016,30.81
Morocco,MAR,2017,30.777601
Morocco,MAR,2018,30.777601
Morocco,MAR,2019,30.7776
Morocco,MAR,2020,4.267908
Morocco,MAR,2021,2.2007163
Morocco,MAR,2022,2.2007163
Mozambique,MOZ,2016,21.59
Mozambique,MOZ,2017,21.593227
Mozambique,MOZ,2018,21.593227
Mozambique,MOZ,2019,21.57328
Mozambique,MOZ,2020,29.4848
Mozambique,MOZ,2021,29.4848
Mozambique,MOZ,2022,29.4848
Myanmar,MMR,2016,7.17
Myanmar,MMR,2017,6.370501
Myanmar,MMR,2018,6.370501
Myanmar,MMR,2019,6.350931
Myanmar,MMR,2020,6.580059
Myanmar,MMR,2021,6.580059
Myanmar,MMR,2022,6.580059
Namibia,NAM,2016,37.89
Namibia,NAM,2017,37.89093
Namibia,NAM,2018,37.89093
Namibia,NAM,2019,37.89093
Namibia,NAM,2020,37.89093
Namibia,NAM,2021,37.89093
Namibia,NAM,2022,37.89093
Nauru,NRU,2021,0
Nauru,NRU,2022,0
Nepal,NPL,2016,23.63
Nepal,NPL,2017,23.626041
Nepal,NPL,2018,23.626041
Nepal,NPL,2019,23.62604
Nepal,NPL,2020,23.62604
Nepal,NPL,2021,23.626041
Nepal,NPL,2022,23.626041
Netherlands,NLD,2016,11.33
Netherlands,NLD,2017,11.243734
Netherlands,NLD,2018,11.243734
Netherlands,NLD,2019,22.47624
Netherlands,NLD,2020,22.48051
Netherlands,NLD,2021,22.479755
Netherlands,NLD,2022,22.468718
New Caledonia,NCL,2016,54.41
New Caledonia,NCL,2017,54.404156
New Caledonia,NCL,2018,54.404156
New Caledonia,NCL,2019,59.65821
New Caledonia,NCL,2020,59.65821
New Caledonia,NCL,2021,59.65821
New Caledonia,NCL,2022,59.65821
New Zealand,NZL,2016,32.55
New Zealand,NZL,2017,32.545258
New Zealand,NZL,2018,32.545258
New Zealand,NZL,2019,32.80693
New Zealand,NZL,2020,33.39541
New Zealand,NZL,2021,33.395412
New Zealand,NZL,2022,33.395412
Nicaragua,NIC,2016,37.23
Nicaragua,NIC,2017,37.22587
Nicaragua,NIC,2018,37.22587
Nicaragua,NIC,2019,37.22587
Nicaragua,NIC,2020,21.34728
Nicaragua,NIC,2021,21.347277
Nicaragua,NIC,2022,21.347277
Niger,NER,2016,17.32
Niger,NER,2017,17.317093
Niger,NER,2018,17.317093
Niger,NER,2019,17.31709
Niger,NER,2020,18.19902
Niger,NER,2021,18.19902
Niger,NER,2022,18.19902
Nigeria,NGA,2016,13.93
Nigeria,NGA,2017,13.929584
Nigeria,NGA,2018,13.929584
Nigeria,NGA,2019,13.92958
Nigeria,NGA,2020,13.92958
Nigeria,NGA,2021,13.926649
Nigeria,NGA,2022,13.926649
North America (WB),,2016,11.324723
North America (WB),,2017,11.333661
North America (WB),,2018,11.333661
North America (WB),,2019,11.820556
North America (WB),,2020,10.842905
North America (WB),,2021,12.336967
North Korea,PRK,2016,2.44
North Korea,PRK,2017,2.4353416
North Korea,PRK,2018,2.4353416
North Korea,PRK,2019,2.435342
North Korea,PRK,2020,2.435342
North Korea,PRK,2021,2.4353416
North Korea,PRK,2022,2.4353416
North Macedonia,MKD,2016,9.65
North Macedonia,MKD,2017,9.654065
North Macedonia,MKD,2018,9.654065
North Macedonia,MKD,2019,10.56065
North Macedonia,MKD,2020,8.957362
North Macedonia,MKD,2021,12.483646
North Macedonia,MKD,2022,15.393756
Northern Mariana Islands,MNP,2016,7.58
Northern Mariana Islands,MNP,2017,7.66945
Northern Mariana Islands,MNP,2018,7.66945
Northern Mariana Islands,MNP,2019,7.66945
Northern Mariana Islands,MNP,2020,7.659096
Northern Mariana Islands,MNP,2021,7.659096
Northern Mariana Islands,MNP,2022,7.659096
Norway,NOR,2016,16.97
Norway,NOR,2017,17.106493
Norway,NOR,2018,17.106493
Norway,NOR,2019,16.83086
Norway,NOR,2020,17.60164
Norway,NOR,2021,29.91704
Norway,NOR,2022,30.517597
Oman,OMN,2016,2.57
Oman,OMN,2017,2.5727332
Oman,OMN,2018,2.5727332
Oman,OMN,2019,2.572733
Oman,OMN,2020,2.572733
Oman,OMN,2021,3.5802445
Oman,OMN,2022,3.5802445
Pakistan,PAK,2016,12.31
Pakistan,PAK,2017,12.314586
Pakistan,PAK,2018,12.314586
Pakistan,PAK,2019,12.31459
Pakistan,PAK,2020,12.31459
Pakistan,PAK,2021,12.314586
Pakistan,PAK,2022,12.314586
Palau,PLW,2016,27.94
Palau,PLW,2017,28.00019
Palau,PLW,2018,28.00019
Palau,PLW,2019,44.1768
Palau,PLW,2020,44.1768
Palau,PLW,2021,44.176796
Palau,PLW,2022,44.176796
Palestine,PSE,2017,8.359252
Palestine,PSE,2018,8.359252
Palestine,PSE,2019,8.359252
Palestine,PSE,2020,8.359252
Palestine,PSE,2021,8.359252
Palestine,PSE,2022,8.359252
Panama,PAN,2016,20.89
Panama,PAN,2017,20.89194
Panama,PAN,2018,20.89194
Panama,PAN,2019,20.89204
Panama,PAN,2020,31.93587
Panama,PAN,2021,31.367085
Panama,PAN,2022,31.367085
Papua New Guinea,PNG,2016,3.07
Papua New Guinea,PNG,2017,3.06593
Papua New Guinea,PNG,2018,3.06593
Papua New Guinea,PNG,2019,3.69006
Papua New Guinea,PNG,2020,3.69006
Papua New Guinea,PNG,2021,3.6900601
Papua New Guinea,PNG,2022,3.6900601
Paraguay,PRY,2016,6.51
Paraguay,PRY,2017,14.314736
Paraguay,PRY,2018,14.314736
Paraguay,PRY,2019,14.31472
Paraguay,PRY,2020,14.31472
Paraguay,PRY,2021,14.31472
Paraguay,PRY,2022,14.31472
Peru,PER,2016,21.27
Peru,PER,2017,21.314173
Peru,PER,2018,21.314173
Peru,PER,2019,21.53343
Peru,PER,2020,21.63516
Peru,PER,2021,22.26778
Peru,PER,2022,22.519667
Philippines,PHL,2016,15.32
Philippines,PHL,2017,15.316659
Philippines,PHL,2018,15.316659
Philippines,PHL,2019,15.37247
Philippines,PHL,2020,15.37247
Philippines,PHL,2021,15.86869
Philippines,PHL,2022,15.86869
Poland,POL,2016,39.62
Poland,POL,2017,39.65014
Poland,POL,2018,39.65014
Poland,POL,2019,39.73741
Poland,POL,2020,39.54286
Poland,POL,2021,39.537792
Poland,POL,2022,39.568817
Portugal,PRT,2016,22.96
Portugal,PRT,2017,22.90118
Portugal,PRT,2018,22.90118
Portugal,PRT,2019,22.91624
Portugal,PRT,2020,22.9124
Portugal,PRT,2021,22.912395
Portugal,PRT,2022,22.913128
Puerto Rico,PRI,2016,7.44
Puerto Rico,PRI,2017,7.269165
Puerto Rico,PRI,2018,7.269165
Puerto Rico,PRI,2019,7.269165
Puerto Rico,PRI,2020,7.181382
Puerto Rico,PRI,2021,7.37549
Puerto Rico,PRI,2022,7.37549
Qatar,QAT,2016,2.45
Qatar,QAT,2017,13.229236
Qatar,QAT,2018,13.229236
Qatar,QAT,2019,13.22924
Qatar,QAT,2020,15.78167
Qatar,QAT,2021,15.781666
Qatar,QAT,2022,15.781666
Romania,ROU,2016,24.35
Romania,ROU,2017,24.461868
Romania,ROU,2018,24.461868
Romania,ROU,2019,24.52046
Romania,ROU,2020,24.52046
Romania,ROU,2021,24.52049
Romania,ROU,2022,24.521362
Russia,RUS,2016,9.72
Russia,RUS,2017,9.726914
Russia,RUS,2018,9.726914
Russia,RUS,2019,9.726914
Russia,RUS,2020,9.726914
Russia,RUS,2021,11.453189
Russia,RUS,2022,11.453189
Rwanda,RWA,2016,9.12
Rwanda,RWA,2017,9.114089
Rwanda,RWA,2018,9.114089
Rwanda,RWA,2019,9.114089
Rwanda,RWA,2020,9.105247
Rwanda,RWA,2021,9.1052475
Rwanda,RWA,2022,9.1052475
Saint Kitts and Nevis,KNA,2016,3.32
Saint Kitts and Nevis,KNA,2017,3.3166347
Saint Kitts and Nevis,KNA,2018,3.3166347
Saint Kitts and Nevis,KNA,2019,22.89831
Saint Kitts and Nevis,KNA,2020,22.89831
Saint Kitts and Nevis,KNA,2021,22.898314
Saint Kitts and Nevis,KNA,2022,22.898314
Saint Lucia,LCA,2016,18.8
Saint Lucia,LCA,2017,18.745209
Saint Lucia,LCA,2018,18.745209
Saint Lucia,LCA,2019,18.74521
Saint Lucia,LCA,2020,18.74521
Saint Lucia,LCA,2021,18.745209
Saint Lucia,LCA,2022,18.745209
Saint Martin (French part),MAF,2016,16.78
Saint Martin (French part),MAF,2017,12.771551
Saint Martin (French part),MAF,2018,12.771551
Saint Martin (French part),MAF,2019,12.77155
Saint Martin (French part),MAF,2020,12.77169
Saint Martin (French part),MAF,2021,12.7715435
Saint Martin (French part),MAF,2022,12.77155
Saint Vincent and the Grenadines,VCT,2016,22.44
Saint Vincent and the Grenadines,VCT,2017,22.419622
Saint Vincent and the Grenadines,VCT,2018,22.419622
Saint Vincent and the Grenadines,VCT,2019,22.41962
Saint Vincent and the Grenadines,VCT,2020,22.41962
Saint Vincent and the Grenadines,VCT,2021,22.419622
Saint Vincent and the Grenadines,VCT,2022,22.419622
Samoa,WSM,2016,6.77
Samoa,WSM,2017,7.349585
Samoa,WSM,2018,7.349585
Samoa,WSM,2019,7.349585
Samoa,WSM,2020,8.224874
Samoa,WSM,2021,8.224874
Samoa,WSM,2022,8.224874
Sao Tome and Principe,STP,2016,29.21
Sao Tome and Principe,STP,2017,29.255909
Sao Tome and Principe,STP,2018,29.255909
Sao Tome and Principe,STP,2019,29.25591
Sao Tome and Principe,STP,2020,29.25591
Sao Tome and Principe,STP,2021,29.255909
Sao Tome and Principe,STP,2022,29.255909
Saudi Arabia,SAU,2016,4.33
Saudi Arabia,SAU,2017,4.760127
Saudi Arabia,SAU,2018,4.760127
Saudi Arabia,SAU,2019,4.760127
Saudi Arabia,SAU,2020,4.760127
Saudi Arabia,SAU,2021,4.760127
Saudi Arabia,SAU,2022,4.760127
Senegal,SEN,2016,25.21
Senegal,SEN,2017,25.352774
Senegal,SEN,2018,25.352774
Senegal,SEN,2019,25.35277
Senegal,SEN,2020,25.35277
Senegal,SEN,2021,26.39417
Senegal,SEN,2022,26.39417
Serbia,SRB,2016,6.15
Serbia,SRB,2017,6.613107
Serbia,SRB,2018,6.613107
Serbia,SRB,2019,7.555409
Serbia,SRB,2020,7.6445
Serbia,SRB,2021,7.6472874
Serbia,SRB,2022,8.13799
Seychelles,SYC,2016,42.1
Seychelles,SYC,2017,42.094048
Seychelles,SYC,2018,42.094048
Seychelles,SYC,2019,49.63874
Seychelles,SYC,2020,61.52088
Seychelles,SYC,2021,61.520878
Seychelles,SYC,2022,61.520878
Sierra Leone,SLE,2016,9.39
Sierra Leone,SLE,2017,9.386319
Sierra Leone,SLE,2018,9.386319
Sierra Leone,SLE,2019,9.386319
Sierra Leone,SLE,2020,9.386319
Sierra Leone,SLE,2021,12.749683
Sierra Leone,SLE,2022,12.749683
Singapore,SGP,2016,5.62
Singapore,SGP,2017,5.5545597
Singapore,SGP,2018,5.5545597
Singapore,SGP,2019,5.55456
Singapore,SGP,2020,5.55456
Singapore,SGP,2021,5.5545597
Singapore,SGP,2022,5.5545597
Sint Maarten (Dutch part),SXM,2017,0.000372594
Sint Maarten (Dutch part),SXM,2018,0.000372594
Sint Maarten (Dutch part),SXM,2019,0.000373
Sint Maarten (Dutch part),SXM,2020,0.000373
Sint Maarten (Dutch part),SXM,2021,0.7269735
Sint Maarten (Dutch part),SXM,2022,0.7269735
Slovakia,SVK,2016,37.28
Slovakia,SVK,2017,37.630413
Slovakia,SVK,2018,37.630413
Slovakia,SVK,2019,37.58672
Slovakia,SVK,2020,37.5878
Slovakia,SVK,2021,37.58747
Slovakia,SVK,2022,37.586582
Slovenia,SVN,2016,53.64
Slovenia,SVN,2017,53.62296
Slovenia,SVN,2018,53.62296
Slovenia,SVN,2019,53.56117
Slovenia,SVN,2020,40.36329
Slovenia,SVN,2021,40.363102
Slovenia,SVN,2022,40.438786
Solomon Islands,SLB,2016,2.21
Solomon Islands,SLB,2017,2.210266
Solomon Islands,SLB,2018,2.210266
Solomon Islands,SLB,2019,1.764128
Solomon Islands,SLB,2020,1.817043
Solomon Islands,SLB,2021,1.8170428
Solomon Islands,SLB,2022,2.0041173
Somalia,SOM,2016,0.83
Somalia,SOM,2020,0
Somalia,SOM,2021,0
Somalia,SOM,2022,0
South Africa,ZAF,2016,14.13
South Africa,ZAF,2017,7.998165
South Africa,ZAF,2018,7.998165
South Africa,ZAF,2019,8.335646
South Africa,ZAF,2020,8.63465
South Africa,ZAF,2021,8.693371
South Africa,ZAF,2022,9.261615
South Asia (WB),,2016,7.292877
South Asia (WB),,2017,7.2915707
South Asia (WB),,2018,7.291752
South Asia (WB),,2019,7.291752
South Asia (WB),,2020,7.753339
South Asia (WB),,2021,8.747063
South Korea,KOR,2016,11.23
South Korea,KOR,2017,11.671125
South Korea,KOR,2018,11.671125
South Korea,KOR,2019,15.70074
South Korea,KOR,2020,16.7402
South Korea,KOR,2021,16.965345
South Korea,KOR,2022,16.965345
South Sudan,SSD,2016,15.5
South Sudan,SSD,2017,15.501501
South Sudan,SSD,2018,15.501501
South Sudan,SSD,2019,15.5015
South Sudan,SSD,2020,15.5015
South Sudan,SSD,2021,15.501501
South Sudan,SSD,2022,15.501501
Spain,ESP,2016,28.02
Spain,ESP,2017,28.065634
Spain,ESP,2018,28.065634
Spain,ESP,2019,28.10086
Spain,ESP,2020,28.12026
Spain,ESP,2021,28.124727
Spain,ESP,2022,28.116674
Sri Lanka,LKA,2016,29.86
Sri Lanka,LKA,2017,29.862
Sri Lanka,LKA,2018,29.862
Sri Lanka,LKA,2019,29.862
Sri Lanka,LKA,2020,29.862
Sri Lanka,LKA,2021,29.862
Sri Lanka,LKA,2022,29.862
Sub-Saharan Africa (WB),,2016,16.099516
Sub-Saharan Africa (WB),,2017,16.43233
Sub-Saharan Africa (WB),,2018,16.432327
Sub-Saharan Africa (WB),,2019,16.522623
Sub-Saharan Africa (WB),,2020,16.366665
Sub-Saharan Africa (WB),,2021,16.42634
Sudan,SDN,2016,2.28
Sudan,SDN,2017,2.281763
Sudan,SDN,2018,2.281763
Sudan,SDN,2019,2.281763
Sudan,SDN,2020,2.281763
Sudan,SDN,2021,2.2817633
Sudan,SDN,2022,2.2817633
Suriname,SUR,2016,14.52
Suriname,SUR,2017,14.520139
Suriname,SUR,2018,14.520139
Suriname,SUR,2019,14.52014
Suriname,SUR,2020,14.52014
Suriname,SUR,2021,14.520139
Suriname,SUR,2022,14.520139
Sweden,SWE,2016,14.47
Sweden,SWE,2017,14.882028
Sweden,SWE,2018,14.882028
Sweden,SWE,2019,14.37436
Sweden,SWE,2020,14.46126
Sweden,SWE,2021,14.518863
Sweden,SWE,2022,15.429169
Switzerland,CHE,2016,9.65
Switzerland,CHE,2017,9.665184
Switzerland,CHE,2018,9.665184
Switzerland,CHE,2019,9.993424
Switzerland,CHE,2020,11.95877
Switzerland,CHE,2021,12.132577
Switzerland,CHE,2022,12.14021
Syria,SYR,2016,0.69
Syria,SYR,2017,0.6853028
Syria,SYR,2018,0.6853028
Syria,SYR,2019,0.685303
Syria,SYR,2020,0.685303
Syria,SYR,2021,0.6853028
Syria,SYR,2022,0.6853028
Tajikistan,TJK,2016,22.28
Tajikistan,TJK,2017,22.278662
Tajikistan,TJK,2018,22.278662
Tajikistan,TJK,2019,22.27866
Tajikistan,TJK,2020,22.27866
Tajikistan,TJK,2021,22.278662
Tajikistan,TJK,2022,22.278662
Tanzania,TZA,2016,38.12
Tanzania,TZA,2017,38.145576
Tanzania,TZA,2018,38.145576
Tanzania,TZA,2019,38.17291
Tanzania,TZA,2020,38.2436
Tanzania,TZA,2021,38.243603
Tanzania,TZA,2022,38.37851
Thailand,THA,2016,18.81
Thailand,THA,2017,18.809172
Thailand,THA,2018,18.809172
Thailand,THA,2019,18.80917
Thailand,THA,2020,18.54725
Thailand,THA,2021,18.547802
Thailand,THA,2022,18.547802
Togo,TGO,2016,27.62
Togo,TGO,2017,27.621243
Togo,TGO,2018,27.621243
Togo,TGO,2019,27.62124
Togo,TGO,2020,27.97591
Togo,TGO,2021,27.975912
Togo,TGO,2022,27.975912
Tonga,TON,2016,15.92
Tonga,TON,2017,15.91279
Tonga,TON,2018,15.91279
Tonga,TON,2019,12.58862
Tonga,TON,2020,12.58862
Tonga,TON,2021,12.588621
Tonga,TON,2022,12.588621
Trinidad and Tobago,TTO,2016,30.6
Trinidad and Tobago,TTO,2017,30.59281
Trinidad and Tobago,TTO,2018,30.59281
Trinidad and Tobago,TTO,2019,30.59282
Trinidad and Tobago,TTO,2020,30.59282
Trinidad and Tobago,TTO,2021,30.59282
Trinidad and Tobago,TTO,2022,30.59282
Tunisia,TUN,2016,7.91
Tunisia,TUN,2017,7.914677
Tunisia,TUN,2018,7.914677
Tunisia,TUN,2019,7.914676
Tunisia,TUN,2020,7.914676
Tunisia,TUN,2021,7.9146757
Tunisia,TUN,2022,7.9146757
Turkey,TUR,2016,0.22
Turkey,TUR,2017,0.21848865
Turkey,TUR,2018,0.21848865
Turkey,TUR,2019,0.218489
Turkey,TUR,2020,0.218489
Turkey,TUR,2021,6.9518194
Turkey,TUR,2022,6.9518194
Turkmenistan,TKM,2016,3.25
Turkmenistan,TKM,2017,3.2482622
Turkmenistan,TKM,2018,3.2482622
Turkmenistan,TKM,2019,3.248262
Turkmenistan,TKM,2020,3.248262
Turkmenistan,TKM,2021,3.2482622
Turkmenistan,TKM,2022,3.2482622
Turks and Caicos Islands,TCA,2016,44.39
Turks and Caicos Islands,TCA,2017,44.367424
Turks and Caicos Islands,TCA,2018,44.367424
Turks and Caicos Islands,TCA,2019,44.36742
Turks and Caicos Islands,TCA,2020,44.36742
Turks and Caicos Islands,TCA,2021,44.367424
Turks and Caicos Islands,TCA,2022,44.367424
Tuvalu,TUV,2016,2.39
Tuvalu,TUV,2017,1.9519411
Tuvalu,TUV,2018,1.9519411
Tuvalu,TUV,2019,13.24064
Tuvalu,TUV,2020,13.24064
Tuvalu,TUV,2021,13.24064
Tuvalu,TUV,2022,13.24064
Uganda,UGA,2016,16.06
Uganda,UGA,2017,16.06395
Uganda,UGA,2018,16.06395
Uganda,UGA,2019,16.06395
Uganda,UGA,2020,16.06185
Uganda,UGA,2021,16.061846
Uganda,UGA,2022,16.061846
Ukraine,UKR,2016,3.96
Ukraine,UKR,2017,3.9867532
Ukraine,UKR,2018,3.9867532
Ukraine,UKR,2019,3.983601
Ukraine,UKR,2020,4.344565
Ukraine,UKR,2021,12.962191
Ukraine,UKR,2022,12.962191
United Arab Emirates,ARE,2016,13.07
United Arab Emirates,ARE,2017,17.95492
United Arab Emirates,ARE,2018,17.95492
United Arab Emirates,ARE,2019,17.95492
United Arab Emirates,ARE,2020,19.35131
United Arab Emirates,ARE,2021,19.351305
United Arab Emirates,ARE,2022,19.351305
United Kingdom,GBR,2016,28.24
United Kingdom,GBR,2017,28.683437
United Kingdom,GBR,2018,28.683437
United Kingdom,GBR,2019,28.70783
United Kingdom,GBR,2020,28.73743
United Kingdom,GBR,2021,28.73743
United Kingdom,GBR,2022,27.76956
United States,USA,2016,12.97
United States,USA,2017,12.993872
United States,USA,2018,12.993872
United States,USA,2019,12.99393
United States,USA,2020,11.79026
United States,USA,2021,13.018138
United States,USA,2022,13.018257
United States Virgin Islands,VIR,2016,14.64
United States Virgin Islands,VIR,2017,13.794574
United States Virgin Islands,VIR,2018,13.794574
United States Virgin Islands,VIR,2019,13.79457
United States Virgin Islands,VIR,2020,13.31499
United States Virgin Islands,VIR,2021,14.367552
United States Virgin Islands,VIR,2022,14.367552
Upper-middle-income countries,,2016,14.644755
Upper-middle-income countries,,2017,14.393984
Upper-middle-income countries,,2018,14.393974
Upper-middle-income countries,,2019,14.454374
Upper-middle-income countries,,2020,14.929529
Upper-middle-income countries,,2021,15.594482
Uruguay,URY,2016,3.5
Uruguay,URY,2017,3.446202
Uruguay,URY,2018,3.446202
Uruguay,URY,2019,3.446202
Uruguay,URY,2020,3.674082
Uruguay,URY,2021,3.675073
Uruguay,URY,2022,3.675073
Uzbekistan,UZB,2016,3.38
Uzbekistan,UZB,2017,3.3752136
Uzbekistan,UZB,2018,3.3752136
Uzbekistan,UZB,2019,3.375214
Uzbekistan,UZB,2020,5.767847
Uzbekistan,UZB,2021,5.7678466
Uzbekistan,UZB,2022,5.7678466
Vanuatu,VUT,2016,4.2
Vanuatu,VUT,2017,4.200532
Vanuatu,VUT,2018,4.200532
Vanuatu,VUT,2019,4.200532
Vanuatu,VUT,2020,4.200532
Vanuatu,VUT,2021,4.200532
Vanuatu,VUT,2022,4.200532
Venezuela,VEN,2016,54.14
Venezuela,VEN,2017,54.144173
Venezuela,VEN,2018,54.144173
Venezuela,VEN,2019,54.14416
Venezuela,VEN,2020,56.879
Venezuela,VEN,2021,56.878998
Venezuela,VEN,2022,56.878998
Vietnam,VNM,2016,7.58
Vietnam,VNM,2017,7.57678
Vietnam,VNM,2018,7.57678
Vietnam,VNM,2019,7.576781
Vietnam,VNM,2020,7.576781
Vietnam,VNM,2021,7.576781
Vietnam,VNM,2022,7.576781
World,OWID_WRL,2016,14.400239
World,OWID_WRL,2017,14.572377
World,OWID_WRL,2018,14.572405
World,OWID_WRL,2019,14.701448
World,OWID_WRL,2020,14.75412
World,OWID_WRL,2021,15.272336
Yemen,YEM,2016,0.77
Yemen,YEM,2017,0.771944
Yemen,YEM,2018,0.771944
Yemen,YEM,2019,0.771944
Yemen,YEM,2020,0.771944
Yemen,YEM,2021,0.771944
Yemen,YEM,2022,0.771944
Zambia,ZMB,2016,38.05
Zambia,ZMB,2017,37.87001
Zambia,ZMB,2018,37.87001
Zambia,ZMB,2019,41.2594
Zambia,ZMB,2020,41.2594
Zambia,ZMB,2021,41.2594
Zambia,ZMB,2022,41.2594
Zimbabwe,ZWE,2016,27.21
Zimbabwe,ZWE,2017,27.214584
Zimbabwe,ZWE,2018,27.214584
Zimbabwe,ZWE,2019,27.21475
Zimbabwe,ZWE,2020,27.21475
Zimbabwe,ZWE,2021,27.214746
Zimbabwe,ZWE,2022,27.214746